"pageId","attributes"
"0","originalWidth<1586>originalHeight<2245>originalDpi<192>"
"1","originalWidth<1586>originalHeight<2245>originalDpi<192>"
"2","originalWidth<1586>originalHeight<2245>originalDpi<192>"
"3","originalWidth<1586>originalHeight<2245>originalDpi<192>"
"4","originalWidth<1586>originalHeight<2245>originalDpi<192>"
"5","originalWidth<1586>originalHeight<2245>originalDpi<192>"
"6","originalWidth<1586>originalHeight<2245>originalDpi<192>"
"7","originalWidth<1586>originalHeight<2245>originalDpi<192>"
"8","originalWidth<1586>originalHeight<2245>originalDpi<192>"
"9","originalWidth<1586>originalHeight<2245>originalDpi<192>"
"10","originalWidth<1586>originalHeight<2245>originalDpi<192>"
"11","originalWidth<1586>originalHeight<2245>originalDpi<192>"
"12","originalWidth<1586>originalHeight<2245>originalDpi<192>"
"13","originalWidth<1586>originalHeight<2245>originalDpi<192>"
"14","originalWidth<1586>originalHeight<2245>originalDpi<192>"
"15","originalWidth<1586>originalHeight<2245>originalDpi<192>"
"16","originalWidth<1586>originalHeight<2245>originalDpi<192>"
"17","originalWidth<1586>originalHeight<2245>originalDpi<192>"
"18","originalWidth<1586>originalHeight<2245>originalDpi<192>"
